{
  "vertices": [
    [
      -467.8505074173543,
      -500.8842432092965,
      679.303254270596
    ],
    [
      0.0,
      0.0,
      0.0
    ],
    [
      430.0,
      0.0,
      0.0
    ],
    [
      873.1982611828914,
      -476.5962248988532,
      648.8399802288302
    ],
    [
      446.91775932004145,
      -980.399255216666,
      1332.190381747241
    ],
    [
      -11.011798706301443,
      -985.581496049583,
      1338.3437005748892
    ],
    [
      -900.0719366666864,
      -114.04854065720991,
      1308.8094256764834
    ],
    [
      -906.7724299383656,
      442.8076449012913,
      1319.5231781179345
    ],
    [
      -496.90154081321884,
      901.8369781747915,
      724.5143018241864
    ],
    [
      0.0,
      439.0,
      0.0
    ],
    [
      430.0,
      439.0,
      0.0
    ],
    [
      1331.5865016197092,
      -52.242380857687266,
      1317.4432695904961
    ],
    [
      1339.3994238736902,
      437.5760163238076,
      1328.238094731502
    ],
    [
      924.8284876872875,
      901.8434047626536,
      721.8163018065252
    ],
    [
      898.1294647433123,
      -562.0744541604631,
      1991.7477652644034
    ],
    [
      -437.5720745531585,
      -605.0860557226953,
      1962.0308013182575
    ],
    [
      -339.4741002118043,
      -512.5186392677658,
      2108.3473752675295
    ],
    [
      817.9838253372802,
      -480.9959972811109,
      2124.5181228706856
    ],
    [
      -69.10543249098602,
      1293.4607726964662,
      1334.913220547881
    ],
    [
      -497.2615939771086,
      815.4826355516088,
      1929.761566408388
    ],
    [
      -337.9861678546693,
      647.540731607356,
      2155.0510845500535
    ],
    [
      821.4077121718193,
      681.0326567273113,
      2171.918802338981
    ],
    [
      949.8261389570665,
      840.7571885137115,
      1972.4387472032977
    ],
    [
      534.5348133191685,
      1305.0252611845697,
      1352.2531607444287
    ]
  ],
  "edges": [
    [
      0,
      1
    ],
    [
      1,
      2
    ],
    [
      2,
      3
    ],
    [
      3,
      4
    ],
    [
      4,
      5
    ],
    [
      0,
      5
    ],
    [
      1,
      9
    ],
    [
      8,
      9
    ],
    [
      7,
      8
    ],
    [
      6,
      7
    ],
    [
      0,
      6
    ],
    [
      2,
      10
    ],
    [
      9,
      10
    ],
    [
      3,
      11
    ],
    [
      11,
      12
    ],
    [
      12,
      13
    ],
    [
      10,
      13
    ],
    [
      4,
      14
    ],
    [
      11,
      14
    ],
    [
      5,
      15
    ],
    [
      15,
      16
    ],
    [
      16,
      17
    ],
    [
      14,
      17
    ],
    [
      6,
      15
    ],
    [
      18,
      19
    ],
    [
      19,
      20
    ],
    [
      20,
      21
    ],
    [
      21,
      22
    ],
    [
      22,
      23
    ],
    [
      18,
      23
    ],
    [
      7,
      19
    ],
    [
      8,
      18
    ],
    [
      17,
      21
    ],
    [
      12,
      22
    ],
    [
      13,
      23
    ],
    [
      16,
      20
    ]
  ],
  "faces": [
    [
      0,
      1,
      2,
      3,
      4,
      5
    ],
    [
      0,
      1,
      9,
      8,
      7,
      6
    ],
    [
      1,
      2,
      10,
      9
    ],
    [
      2,
      3,
      11,
      12,
      13,
      10
    ],
    [
      3,
      4,
      14,
      11
    ],
    [
      4,
      5,
      15,
      16,
      17,
      14
    ],
    [
      5,
      0,
      6,
      15
    ],
    [
      18,
      19,
      20,
      21,
      22,
      23
    ],
    [
      18,
      19,
      7,
      8
    ],
    [
      19,
      20,
      16,
      15,
      6,
      7
    ],
    [
      20,
      21,
      17,
      16
    ],
    [
      21,
      22,
      12,
      11,
      14,
      17
    ],
    [
      22,
      23,
      13,
      12
    ],
    [
      23,
      18,
      8,
      9,
      10,
      13
    ]
  ],
  "measured_edge_lengths": [
    964.9984630291634,
    430.0,
    919.0005333223291,
    950.0001741479986,
    458.0002173218336,
    936.9991155559673,
    439.0,
    993.0005957582864,
    856.0009564399454,
    556.999544430895,
    855.9995587086481,
    439.0,
    430.0,
    915.0007226601057,
    489.9996247155913,
    868.9998043916006,
    989.999001571629,
    901.9997696461421,
    950.0001571957321,
    846.0000287670016,
    198.99869087828216,
    1158.0000083990733,
    175.00002155610943,
    939.0006013054788,
    875.0002015885368,
    322.999243731946,
    1160.0001715493509,
    285.9991447352911,
    879.0005063155123,
    603.9999646372135,
    824.000402893853,
    842.000918473524,
    1163.0000602543994,
    854.0005167294929,
    843.9996414140708,
    1161.0000837031102
  ],
  "anchor_face": [
    1,
    2,
    10,
    9
  ],
  "opposing_face_distances": [
    {
      "face_indices": [
        0,
        7
      ],
      "distance": 1830.1229150248716,
      "normal_alignment": -0.9992070439999708
    },
    {
      "face_indices": [
        1,
        11
      ],
      "distance": 1878.9067416642686,
      "normal_alignment": -0.9986366933306787
    },
    {
      "face_indices": [
        2,
        10
      ],
      "distance": 2144.4107145301477,
      "normal_alignment": -0.9990815087999684
    },
    {
      "face_indices": [
        3,
        9
      ],
      "distance": 1845.8364381608662,
      "normal_alignment": -0.9997273951275794
    },
    {
      "face_indices": [
        4,
        8
      ],
      "distance": 1952.4642043934523,
      "normal_alignment": -0.9998567514065618
    },
    {
      "face_indices": [
        5,
        13
      ],
      "distance": 1927.1370440474302,
      "normal_alignment": -0.999792303330787
    },
    {
      "face_indices": [
        6,
        12
      ],
      "distance": 1990.0212744540454,
      "normal_alignment": -0.9985980033049778
    }
  ]
}