{
  "edges": [
    [16, 20], [4, 9], [3, 7], [22, 23], [0, 2], [14, 19], [5, 10], [17, 21], 
    [9, 11], [1, 3], [6, 11], [18, 22], [4, 8], [20, 22], [5, 12], [0, 1], 
    [9, 16], [0, 4], [1, 5], [19, 23], [10, 17], [6, 13], [15, 19], [7, 15], 
    [12, 14], [20, 21], [21, 23], [12, 17], [8, 10], [8, 16], [2, 3], [2, 6], 
    [13, 18], [11, 18], [13, 15], [7, 14]
  ],
  "faces": [
    [9, 11, 6, 2, 0, 4], [9, 4, 8, 16], [21, 20, 16, 8, 10, 17], [15, 19, 14, 7], 
    [4, 0, 1, 5, 10, 8], [18, 11, 9, 16, 20, 22], [12, 17, 10, 5], [13, 6, 11, 18], 
    [6, 13, 15, 7, 3, 2], [1, 3, 7, 14, 12, 5], [2, 3, 1, 0], [19, 23, 21, 17, 12, 14], 
    [15, 13, 18, 22, 23, 19], [22, 20, 21, 23]
  ],
  "measured_edge_lengths": [
    1.7, 1.9209372712298547, 1.7, 1.4422205101855958, 1.4422205101855958, 1.9209372712298547, 
    1.7, 1.9209372712298547, 1.4422205101855958, 1.4422205101855958, 1.7, 1.9209372712298547, 
    1.9209372712298547, 1.4422205101855958, 1.7, 1.4422205101855958, 1.9209372712298547, 1.7, 
    1.9209372712298547, 1.7, 1.7, 1.7, 1.9209372712298547, 1.9209372712298547, 1.4422205101855958, 
    1.4422205101855958, 1.4422205101855958, 1.7, 1.4422205101855958, 1.9209372712298547, 
    1.4422205101855958, 1.9209372712298547, 1.7, 1.7, 1.4422205101855958, 1.9209372712298547
  ],
  "diagonals": [
    [6, 9], [2, 9], [0, 9], [2, 11], [0, 11], [4, 11], [0, 6], [4, 6], [2, 4], [8, 9], 
    [4, 16], [16, 21], [8, 21], [10, 21], [8, 20], [10, 20], [17, 20], [10, 16], [16, 17], 
    [8, 17], [14, 15], [7, 19], [1, 4], [4, 5], [4, 10], [0, 5], [0, 10], [0, 8], [1, 10], 
    [1, 8], [5, 8], [9, 18], [16, 18], [18, 20], [11, 16], [11, 20], [11, 22], [9, 20], 
    [9, 22], [16, 22], [10, 12], [5, 17], [11, 13], [6, 18], [6, 15], [6, 7], [3, 6], 
    [7, 13], [3, 13], [2, 13], [3, 15], [2, 15], [2, 7], [1, 7], [1, 14], [1, 12], [3, 14], 
    [3, 12], [3, 5], [7, 12], [5, 7], [5, 14], [1, 2], [0, 3], [19, 21], [17, 19], [12, 19], 
    [17, 23], [12, 23], [14, 23], [12, 21], [14, 21], [14, 17], [15, 18], [15, 22], [15, 23], 
    [13, 22], [13, 23], [13, 19], [18, 23], [18, 19], [19, 22], [21, 22], [20, 23]
  ],
  "measured_diagonal_lengths": [
    2.5, 3.4, 3.3286633954186478, 3.3286633954186478, 3.8418745424597094, 2.9410882339705484, 
    2.9410882339705484, 2.8844410203711917, 2.5, 2.4, 3.0, 2.5, 3.4, 3.3286633954186478, 
    3.3286633954186478, 3.8418745424597094, 2.9410882339705484, 2.9410882339705484, 2.8844410203711917, 
    2.5, 2.4, 3.0, 2.5, 2.8844410203711917, 2.9410882339705484, 2.9410882339705484, 3.8418745424597094, 
    3.3286633954186478, 3.3286633954186478, 3.4, 2.5, 2.5, 2.8844410203711917, 2.9410882339705484, 
    2.9410882339705484, 3.8418745424597094, 3.3286633954186478, 3.3286633954186478, 3.4, 2.5, 1.6, 
    3.0, 1.6, 3.0, 2.5, 2.8844410203711917, 2.9410882339705484, 2.9410882339705484, 3.8418745424597094, 
    3.3286633954186478, 3.3286633954186478, 3.4, 2.5, 2.5, 3.4, 3.3286633954186478, 3.3286633954186478, 
    3.8418745424597094, 2.9410882339705484, 2.9410882339705484, 2.8844410203711917, 2.5, 2.4, 1.6, 
    2.5, 2.8844410203711917, 2.9410882339705484, 2.9410882339705484, 3.8418745424597094, 
    3.3286633954186478, 3.3286633954186478, 3.4, 2.5, 2.5, 3.4, 3.3286633954186478, 3.3286633954186478, 
    3.8418745424597094, 2.9410882339705484, 2.9410882339705484, 2.8844410203711917, 2.5, 2.4, 1.6
  ],
  "anchor_face": [22, 20, 21, 23],
  "anchor_coordinates": [
    [1.2, 0.0, 0.0],
    [0.0, -0.8, 0.0],
    [-1.2, 0.0, 0.0],
    [0.0, 0.8, 0.0]
  ]
}
